{
  "data": [
    {
      "_id": "5645fe0a9046383e6c735a05",
      "name": "Jurong East Sports Hall. More Courts Will Be Added If Needed To.",
      "externalId": "226384842",
      "time": "2015-11-13T03:00:00.000Z",
      "url": "http://www.meetup.com/Badminton-Workout/events/226384842/",
      "attendeeCount": 7,
      "__v": 2,
      "feedback": [
        {
          "_id": "5649d8e5c404e3783aba7d0c",
          "attendee": "5643200b3c064041365e8d6e",
          "answers": {
            "volunteer": true,
            "better": "Courts needed.",
            "well": "Jurong went well"
          },
          "created": "2015-11-16T13:23:49.612Z"
        }
      ],
      "attendees": [
        "Chris Chen Yuwei",
        "Jay",
        "Terence Seow",
        "Rajesh Gaur",
        "yssua",
        "Ivan Lo",
        "Jeff"
      ],
      "venue": {
        "name": "Jurong East Sports Complex",
        "city": "Singapore"
      }
    }
  ]
}
