{
  "data": [
    {
      "id": "5645fe0a9046383e6c735a05",
      "name": "Jurong East Sports Hall. More Courts Will Be Added If Needed To.",
      "external_id": "226384842",
      "feedback": [
        {
          "attendee": "5643200b3c064041365e8d6e",
          "answers": {
            "volunteer": true,
            "better": "Courts needed.",
            "well": "Jurong went well"
          },
          "created": "2015-11-16T13:36:44.987Z",
          "id": "5649dbecfa8901223b4ea623"
        }
      ]
    }
  ]
}
