{
    "data": [
        {
            "volunteers": 2,
            "id": "5645fe0a9046383e6c735a06",
            "name": "Burleigh Beach Walk"
        },
        {
            "volunteers": 1,
            "id": "5645fe0a9046383e6c735a0f",
            "name": "Natation - Vincent Lesson (1&2) (Paid Team Members only)"
        },
        {
            "volunteers": 1,
            "id": "5645fe0a9046383e6c735a14",
            "name": "Afro-Hip Hop Dance Workout!"
        },
        {
            "volunteers": 1,
            "id": "5645fe0a9046383e6c735a05",
            "name": "Jurong East Sports Hall. More Courts Will Be Added If Needed To."
        }
    ]
}
