{
  "data": [
    {
      "id": "5649889a73cbcea31da170c8",
      "name": "Paradise Linear Park Brisk walk regardless of weather",
      "external_id": "kqzvglytpbvb",
      "feedback": [
        {
          "attendee": "5643200b3c064041365e8d6e",
          "answers": {
            "volunteer": false,
            "better": "More refreshments",
            "well": "Weather was good"
          },
          "created": "2015-11-16T09:38:29.714Z",
          "id": "5649a4152caf075a23619641"
        }
      ]
    }
  ]
}
